pokedex_number,name,type1,type2,base_total,hp,attack,sp_attack,defense,sp_defense,speed,abilities,against_bug,against_dark,against_dragon,against_electric,against_fairy,against_fight,against_fire,against_flying,against_ghost,against_grass,against_ground,against_ice,against_normal,against_poison,against_psychic,against_rock,against_steel,against_water,is_legendary
1,Bulbasaur,grass,poison,318,45,49,65,49,65,45,"['Overgrow', 'Chlorophyll']",1,1,1,0.5,0.5,0.5,2,2,1,0.25,1,2,1,1,2,1,1,0.5,0
2,Ivysaur,grass,poison,405,60,62,80,63,80,60,"['Overgrow', 'Chlorophyll']",1,1,1,0.5,0.5,0.5,2,2,1,0.25,1,2,1,1,2,1,1,0.5,0
3,Venusaur,grass,poison,625,80,100,122,123,120,80,"['Overgrow', 'Chlorophyll']",1,1,1,0.5,0.5,0.5,2,2,1,0.25,1,2,1,1,2,1,1,0.5,0
4,Charmander,fire,,309,39,52,60,43,50,65,"['Blaze', 'Solar Power']",0.5,1,1,1,0.5,1,0.5,1,1,0.5,2,0.5,1,1,1,2,0.5,2,0
5,Charmeleon,fire,,405,58,64,80,58,65,80,"['Blaze', 'Solar Power']",0.5,1,1,1,0.5,1,0.5,1,1,0.5,2,0.5,1,1,1,2,0.5,2,0
6,Charizard,fire,flying,634,78,104,159,78,115,100,"['Blaze', 'Solar Power']",0.25,1,1,2,0.5,0.5,0.5,1,1,0.25,0,1,1,1,1,4,0.5,2,0
7,Squirtle,water,,314,44,48,50,65,64,43,"['Torrent', 'Rain Dish']",1,1,1,2,1,1,0.5,1,1,2,1,0.5,1,1,1,1,0.5,0.5,0
8,Wartortle,water,,405,59,63,65,80,80,58,"['Torrent', 'Rain Dish']",1,1,1,2,1,1,0.5,1,1,2,1,0.5,1,1,1,1,0.5,0.5,0
9,Blastoise,water,,630,79,103,135,120,115,78,"['Torrent', 'Rain Dish']",1,1,1,2,1,1,0.5,1,1,2,1,0.5,1,1,1,1,0.5,0.5,0
10,Caterpie,bug,,195,45,30,20,35,20,45,"['Shield Dust', 'Run Away']",1,1,1,1,1,0.5,2,2,1,0.5,0.5,1,1,1,1,2,1,1,0
11,Metapod,bug,,205,50,20,25,55,25,30,['Shed Skin'],1,1,1,1,1,0.5,2,2,1,0.5,0.5,1,1,1,1,2,1,1,0
12,Butterfree,bug,flying,395,60,45,90,50,80,70,"['Compoundeyes', 'Tinted Lens']",0.5,1,1,2,1,0.25,2,2,1,0.25,0,2,1,1,1,4,1,1,0
13,Weedle,bug,poison,195,40,35,20,30,20,50,"['Shield Dust', 'Run Away']",0.5,1,1,1,0.5,0.25,2,2,1,0.25,1,1,1,0.5,2,2,1,1,0
14,Kakuna,bug,poison,205,45,25,25,50,25,35,['Shed Skin'],0.5,1,1,1,0.5,0.25,2,2,1,0.25,1,1,1,0.5,2,2,1,1,0
15,Beedrill,bug,poison,495,65,150,15,40,80,145,"['Swarm', 'Sniper']",0.5,1,1,1,0.5,0.25,2,2,1,0.25,1,1,1,0.5,2,2,1,1,0
16,Pidgey,normal,flying,251,40,45,35,40,35,56,"['Keen Eye', 'Tangled Feet', 'Big Pecks']",0.5,1,1,2,1,1,1,1,0,0.5,0,2,1,1,1,2,1,1,0
17,Pidgeotto,normal,flying,349,63,60,50,55,50,71,"['Keen Eye', 'Tangled Feet', 'Big Pecks']",0.5,1,1,2,1,1,1,1,0,0.5,0,2,1,1,1,2,1,1,0
18,Pidgeot,normal,flying,579,83,80,135,80,80,121,"['Keen Eye', 'Tangled Feet', 'Big Pecks']",0.5,1,1,2,1,1,1,1,0,0.5,0,2,1,1,1,2,1,1,0
19,Rattata,normal,dark,253,30,56,25,35,35,72,"['Run Away', 'Guts', 'Hustle', 'Gluttony', 'Hustle', 'Thick Fat']",1,1,1,1,1,2,1,1,0,1,1,1,1,1,1,1,1,1,0
20,Raticate,normal,dark,413,75,71,40,70,80,77,"['Run Away', 'Guts', 'Hustle', 'Gluttony', 'Hustle', 'Thick Fat']",1,1,1,1,1,2,1,1,0,1,1,1,1,1,1,1,1,1,0
21,Spearow,normal,flying,262,40,60,31,30,31,70,"['Keen Eye', 'Sniper']",0.5,1,1,2,1,1,1,1,0,0.5,0,2,1,1,1,2,1,1,0
22,Fearow,normal,flying,442,65,90,61,65,61,100,"['Keen Eye', 'Sniper']",0.5,1,1,2,1,1,1,1,0,0.5,0,2,1,1,1,2,1,1,0
23,Ekans,poison,,288,35,60,40,44,54,55,"['Intimidate', 'Shed Skin', 'Unnerve']",0.5,1,1,1,0.5,0.5,1,1,1,0.5,2,1,1,0.5,2,1,1,1,0
24,Arbok,poison,,448,60,95,65,69,79,80,"['Intimidate', 'Shed Skin', 'Unnerve']",0.5,1,1,1,0.5,0.5,1,1,1,0.5,2,1,1,0.5,2,1,1,1,0
25,Pikachu,electric,,320,35,55,50,40,50,90,"['Static', 'Lightningrod']",1,1,1,0.5,1,1,1,0.5,1,1,2,1,1,1,1,1,0.5,1,0
26,Raichu,electric,electric,485,60,85,95,50,85,110,"['Static', 'Lightningrod', 'Surge Surfer']",1,1,1,0.5,1,1,1,0.5,1,1,2,1,1,1,1,1,0.5,1,0
27,Sandshrew,ground,ice,300,50,75,10,90,35,40,"['Sand Veil', 'Sand Rush', 'Snow Cloak', 'Slush Rush']",1,1,1,0,1,1,1,1,1,2,1,2,1,0.5,1,0.5,1,2,0
28,Sandslash,ground,ice,450,75,100,25,120,65,65,"['Sand Veil', 'Sand Rush', 'Snow Cloak', 'Slush Rush']",1,1,1,0,1,1,1,1,1,2,1,2,1,0.5,1,0.5,1,2,0
29,Nidoran(F),poison,,275,55,47,40,52,40,41,"['Poison Point', 'Rivalry', 'Hustle']",0.5,1,1,1,0.5,0.5,1,1,1,0.5,2,1,1,0.5,2,1,1,1,0
30,Nidorina,poison,,365,70,62,55,67,55,56,"['Poison Point', 'Rivalry', 'Hustle']",0.5,1,1,1,0.5,0.5,1,1,1,0.5,2,1,1,0.5,2,1,1,1,0
31,Nidoqueen,poison,ground,505,90,92,75,87,85,76,"['Poison Point', 'Rivalry', 'Sheer Force']",0.5,1,1,0,0.5,0.5,1,1,1,1,2,2,1,0.25,2,0.5,1,2,0
32,Nidoran(M),poison,,273,46,57,40,40,40,50,"['Poison Point', 'Rivalry', 'Hustle']",0.5,1,1,1,0.5,0.5,1,1,1,0.5,2,1,1,0.5,2,1,1,1,0
33,Nidorino,poison,,365,61,72,55,57,55,65,"['Poison Point', 'Rivalry', 'Hustle']",0.5,1,1,1,0.5,0.5,1,1,1,0.5,2,1,1,0.5,2,1,1,1,0
34,Nidoking,poison,ground,505,81,102,85,77,75,85,"['Poison Point', 'Rivalry', 'Sheer Force']",0.5,1,1,0,0.5,0.5,1,1,1,1,2,2,1,0.25,2,0.5,1,2,0
35,Clefairy,fairy,,323,70,45,60,48,65,35,"['Cute Charm', 'Magic Guard', 'Friend Guard']",0.5,0.5,0,1,1,0.5,1,1,1,1,1,1,1,2,1,1,2,1,0
36,Clefable,fairy,,483,95,70,95,73,90,60,"['Cute Charm', 'Magic Guard', 'Unaware']",0.5,0.5,0,1,1,0.5,1,1,1,1,1,1,1,2,1,1,2,1,0
37,Vulpix,fire,ice,299,38,41,50,40,65,65,"['Flash Fire', 'Drought', 'Snow Cloak', 'Snow Warning']",0.5,1,1,1,0.5,1,0.5,1,1,0.5,2,0.5,1,1,1,2,0.5,2,0
38,Ninetales,fire,ice,505,73,67,81,75,100,109,"['Flash Fire', 'Drought', 'Snow Cloak', 'Snow Warning']",0.5,1,1,1,0.5,1,0.5,1,1,0.5,2,0.5,1,1,1,2,0.5,2,0
39,Jigglypuff,normal,fairy,270,115,45,45,20,25,20,"['Cute Charm', 'Competitive', 'Friend Guard']",0.5,0.5,0,1,1,1,1,1,0,1,1,1,1,2,1,1,2,1,0
40,Wigglytuff,normal,fairy,435,140,70,85,45,50,45,"['Cute Charm', 'Competitive', 'Frisk']",0.5,0.5,0,1,1,1,1,1,0,1,1,1,1,2,1,1,2,1,0
41,Zubat,poison,flying,245,40,45,30,35,40,55,"['Inner Focus', 'Infiltrator']",0.25,1,1,2,0.5,0.25,1,1,1,0.25,0,2,1,0.5,2,2,1,1,0
42,Golbat,poison,flying,455,75,80,65,70,75,90,"['Inner Focus', 'Infiltrator']",0.25,1,1,2,0.5,0.25,1,1,1,0.25,0,2,1,0.5,2,2,1,1,0
43,Oddish,grass,poison,320,45,50,75,55,65,30,"['Chlorophyll', 'Run Away']",1,1,1,0.5,0.5,0.5,2,2,1,0.25,1,2,1,1,2,1,1,0.5,0
44,Gloom,grass,poison,395,60,65,85,70,75,40,"['Chlorophyll', 'Stench']",1,1,1,0.5,0.5,0.5,2,2,1,0.25,1,2,1,1,2,1,1,0.5,0
45,Vileplume,grass,poison,490,75,80,110,85,90,50,"['Chlorophyll', 'Effect Spore']",1,1,1,0.5,0.5,0.5,2,2,1,0.25,1,2,1,1,2,1,1,0.5,0
46,Paras,bug,grass,285,35,70,45,55,55,25,"['Effect Spore', 'Dry Skin', 'Damp']",2,1,1,0.5,1,0.5,4,4,1,0.25,0.25,2,1,2,1,2,1,0.5,0
47,Parasect,bug,grass,405,60,95,60,80,80,30,"['Effect Spore', 'Dry Skin', 'Damp']",2,1,1,0.5,1,0.5,4,4,1,0.25,0.25,2,1,2,1,2,1,0.5,0
48,Venonat,bug,poison,305,60,55,40,50,55,45,"['Compoundeyes', 'Tinted Lens', 'Run Away']",0.5,1,1,1,0.5,0.25,2,2,1,0.25,1,1,1,0.5,2,2,1,1,0
49,Venomoth,bug,poison,450,70,65,90,60,75,90,"['Shield Dust', 'Tinted Lens', 'Wonder Skin ']",0.5,1,1,1,0.5,0.25,2,2,1,0.25,1,1,1,0.5,2,2,1,1,0
50,Diglett,ground,ground,265,10,55,35,30,45,90,"['Sand Veil', 'Arena Trap', 'Sand Force', 'Sand Veil', 'Tangling Hair', 'Sand Force']",1,1,1,0,1,1,1,1,1,2,1,2,1,0.5,1,0.5,1,2,0
51,Dugtrio,ground,ground,425,35,100,50,60,70,110,"['Sand Veil', 'Arena Trap', 'Sand Force', 'Sand Veil', 'Tangling Hair', 'Sand Force']",1,1,1,0,1,1,1,1,1,2,1,2,1,0.5,1,0.5,1,2,0
52,Meowth,normal,dark,290,40,35,50,35,40,90,"['Pickup', 'Technician', 'Unnerve', 'Pickup', 'Technician', 'Rattled']",1,1,1,1,1,2,1,1,0,1,1,1,1,1,1,1,1,1,0
53,Persian,normal,dark,440,65,60,75,60,65,115,"['Limber', 'Technician', 'Unnerve', 'Fur Coat', 'Technician', 'Rattled']",1,1,1,1,1,2,1,1,0,1,1,1,1,1,1,1,1,1,0
54,Psyduck,water,,320,50,52,65,48,50,55,"['Damp', 'Cloud Nine', 'Swift Swim']",1,1,1,2,1,1,0.5,1,1,2,1,0.5,1,1,1,1,0.5,0.5,0
55,Golduck,water,,500,80,82,95,78,80,85,"['Damp', 'Cloud Nine', 'Swift Swim']",1,1,1,2,1,1,0.5,1,1,2,1,0.5,1,1,1,1,0.5,0.5,0
56,Mankey,fighting,,305,40,80,35,35,45,70,"['Vital Spirit', 'Anger Point', 'Defiant']",0.5,0.5,1,1,2,1,1,2,1,1,1,1,1,1,2,0.5,1,1,0
57,Primeape,fighting,,455,65,105,60,60,70,95,"['Vital Spirit', 'Anger Point', 'Defiant']",0.5,0.5,1,1,2,1,1,2,1,1,1,1,1,1,2,0.5,1,1,0
58,Growlithe,fire,,350,55,70,70,45,50,60,"['Intimidate', 'Flash Fire', 'Justified']",0.5,1,1,1,0.5,1,0.5,1,1,0.5,2,0.5,1,1,1,2,0.5,2,0
59,Arcanine,fire,,555,90,110,100,80,80,95,"['Intimidate', 'Flash Fire', 'Justified']",0.5,1,1,1,0.5,1,0.5,1,1,0.5,2,0.5,1,1,1,2,0.5,2,0
60,Poliwag,water,,300,40,50,40,40,40,90,"['Water Absorb', 'Damp', 'Swift Swim']",1,1,1,2,1,1,0.5,1,1,2,1,0.5,1,1,1,1,0.5,0.5,0
61,Poliwhirl,water,,385,65,65,50,65,50,90,"['Water Absorb', 'Damp', 'Swift Swim']",1,1,1,2,1,1,0.5,1,1,2,1,0.5,1,1,1,1,0.5,0.5,0
62,Poliwrath,water,fighting,510,90,95,70,95,90,70,"['Water Absorb', 'Damp', 'Swift Swim']",0.5,0.5,1,2,2,1,0.5,2,1,2,1,0.5,1,1,2,0.5,0.5,0.5,0
63,Abra,psychic,,310,25,20,105,15,55,90,"['Synchronize', 'Inner Focus', 'Magic Guard']",2,2,1,1,1,0.5,1,1,2,1,1,1,1,1,0.5,1,1,1,0
64,Kadabra,psychic,,400,40,35,120,30,70,105,"['Synchronize', 'Inner Focus', 'Magic Guard']",2,2,1,1,1,0.5,1,1,2,1,1,1,1,1,0.5,1,1,1,0
65,Alakazam,psychic,,600,55,50,175,65,105,150,"['Synchronize', 'Inner Focus', 'Magic Guard']",2,2,1,1,1,0.5,1,1,2,1,1,1,1,1,0.5,1,1,1,0
66,Machop,fighting,,305,70,80,35,50,35,35,"['Guts', 'No Guard', 'Steadfast']",0.5,0.5,1,1,2,1,1,2,1,1,1,1,1,1,2,0.5,1,1,0
67,Machoke,fighting,,405,80,100,50,70,60,45,"['Guts', 'No Guard', 'Steadfast']",0.5,0.5,1,1,2,1,1,2,1,1,1,1,1,1,2,0.5,1,1,0
68,Machamp,fighting,,505,90,130,65,80,85,55,"['Guts', 'No Guard', 'Steadfast']",0.5,0.5,1,1,2,1,1,2,1,1,1,1,1,1,2,0.5,1,1,0
69,Bellsprout,grass,poison,300,50,75,70,35,30,40,"['Chlorophyll', 'Gluttony']",1,1,1,0.5,0.5,0.5,2,2,1,0.25,1,2,1,1,2,1,1,0.5,0
70,Weepinbell,grass,poison,390,65,90,85,50,45,55,"['Chlorophyll', 'Gluttony']",1,1,1,0.5,0.5,0.5,2,2,1,0.25,1,2,1,1,2,1,1,0.5,0
71,Victreebel,grass,poison,490,80,105,100,65,70,70,"['Chlorophyll', 'Gluttony']",1,1,1,0.5,0.5,0.5,2,2,1,0.25,1,2,1,1,2,1,1,0.5,0
72,Tentacool,water,poison,335,40,40,50,35,100,70,"['Clear Body', 'Liquid Ooze', 'Rain Dish']",0.5,1,1,2,0.5,0.5,0.5,1,1,1,2,0.5,1,0.5,2,1,0.5,0.5,0
73,Tentacruel,water,poison,515,80,70,80,65,120,100,"['Clear Body', 'Liquid Ooze', 'Rain Dish']",0.5,1,1,2,0.5,0.5,0.5,1,1,1,2,0.5,1,0.5,2,1,0.5,0.5,0
74,Geodude,rock,ground,300,40,80,30,100,30,20,"['Rock Head', 'Sturdy', 'Sand Veil', 'Magnet Pull', 'Sturdy', 'Galvanize']",1,1,1,0,1,2,0.5,0.5,1,4,2,2,0.5,0.25,1,0.5,2,4,0
75,Graveler,rock,ground,390,55,95,45,115,45,35,"['Rock Head', 'Sturdy', 'Sand Veil', 'Magnet Pull', 'Sturdy', 'Galvanize']",1,1,1,0,1,2,0.5,0.5,1,4,2,2,0.5,0.25,1,0.5,2,4,0
76,Golem,rock,ground,495,80,120,55,130,65,45,"['Rock Head', 'Sturdy', 'Sand Veil', 'Magnet Pull', 'Sturdy', 'Galvanize']",1,1,1,0,1,2,0.5,0.5,1,4,2,2,0.5,0.25,1,0.5,2,4,0
77,Ponyta,fire,,410,50,85,65,55,65,90,"['Run Away', 'Flash Fire', 'Flame Body']",0.5,1,1,1,0.5,1,0.5,1,1,0.5,2,0.5,1,1,1,2,0.5,2,0
78,Rapidash,fire,,500,65,100,80,70,80,105,"['Run Away', 'Flash Fire', 'Flame Body']",0.5,1,1,1,0.5,1,0.5,1,1,0.5,2,0.5,1,1,1,2,0.5,2,0
79,Slowpoke,water,psychic,315,90,65,40,65,40,15,"['Oblivious', 'Own Tempo', 'Regenerator']",2,2,1,2,1,0.5,0.5,1,2,2,1,0.5,1,1,0.5,1,0.5,0.5,0
80,Slowbro,water,psychic,590,95,75,130,180,80,30,"['Oblivious', 'Own Tempo', 'Regenerator']",2,2,1,2,1,0.5,0.5,1,2,2,1,0.5,1,1,0.5,1,0.5,0.5,0
81,Magnemite,electric,steel,325,25,35,95,70,55,45,"['Magnet Pull', 'Sturdy', 'Analytic']",0.5,1,0.5,0.5,0.5,2,2,0.25,1,0.5,4,0.5,0.5,0,0.5,0.5,0.25,1,0
82,Magneton,electric,steel,465,50,60,120,95,70,70,"['Magnet Pull', 'Sturdy', 'Analytic']",0.5,1,0.5,0.5,0.5,2,2,0.25,1,0.5,4,0.5,0.5,0,0.5,0.5,0.25,1,0
83,Farfetch'd,normal,flying,377,52,90,58,55,62,60,"['Keen Eye', 'Inner Focus', 'Defiant']",0.5,1,1,2,1,1,1,1,0,0.5,0,2,1,1,1,2,1,1,0
84,Doduo,normal,flying,310,35,85,35,45,35,75,"['Run Away', 'Early Bird', 'Tangled Feet']",0.5,1,1,2,1,1,1,1,0,0.5,0,2,1,1,1,2,1,1,0
85,Dodrio,normal,flying,470,60,110,60,70,60,110,"['Run Away', 'Early Bird', 'Tangled Feet']",0.5,1,1,2,1,1,1,1,0,0.5,0,2,1,1,1,2,1,1,0
86,Seel,water,,325,65,45,45,55,70,45,"['Thick Fat', 'Hydration', 'Ice Body']",1,1,1,2,1,1,0.5,1,1,2,1,0.5,1,1,1,1,0.5,0.5,0
87,Dewgong,water,ice,475,90,70,70,80,95,70,"['Thick Fat', 'Hydration', 'Ice Body']",1,1,1,2,1,2,1,1,1,2,1,0.25,1,1,1,2,1,0.5,0
88,Grimer,poison,poison,325,80,80,40,50,50,25,"['Stench', 'Sticky Hold', 'Poison Touch', 'Poison Touch', 'Gluttony', 'Power of Alchemy']",0.5,1,1,1,0.5,0.5,1,1,1,0.5,2,1,1,0.5,2,1,1,1,0
89,Muk,poison,poison,500,105,105,65,75,100,50,"['Stench', 'Sticky Hold', 'Poison Touch', 'Poison Touch', 'Gluttony', 'Power of Alchemy']",0.5,1,1,1,0.5,0.5,1,1,1,0.5,2,1,1,0.5,2,1,1,1,0
90,Shellder,water,,305,30,65,45,100,25,40,"['Shell Armor', 'Skill Link', 'Overcoat']",1,1,1,2,1,1,0.5,1,1,2,1,0.5,1,1,1,1,0.5,0.5,0
91,Cloyster,water,ice,525,50,95,85,180,45,70,"['Shell Armor', 'Skill Link', 'Overcoat']",1,1,1,2,1,2,1,1,1,2,1,0.25,1,1,1,2,1,0.5,0
92,Gastly,ghost,poison,310,30,35,100,30,35,80,['Levitate'],0.25,2,1,1,0.5,0,1,1,2,0.5,2,1,0,0.25,2,1,1,1,0
93,Haunter,ghost,poison,405,45,50,115,45,55,95,['Levitate'],0.25,2,1,1,0.5,0,1,1,2,0.5,2,1,0,0.25,2,1,1,1,0
94,Gengar,ghost,poison,600,60,65,170,80,95,130,['Cursed Body'],0.25,2,1,1,0.5,0,1,1,2,0.5,2,1,0,0.25,2,1,1,1,0
95,Onix,rock,ground,385,35,45,30,160,45,70,"['Rock Head', 'Sturdy', 'Weak Armor']",1,1,1,0,1,2,0.5,0.5,1,4,2,2,0.5,0.25,1,0.5,2,4,0
96,Drowzee,psychic,,328,60,48,43,45,90,42,"['Insomnia', 'Forewarn', 'Inner Focus']",2,2,1,1,1,0.5,1,1,2,1,1,1,1,1,0.5,1,1,1,0
97,Hypno,psychic,,483,85,73,73,70,115,67,"['Insomnia', 'Forewarn', 'Inner Focus']",2,2,1,1,1,0.5,1,1,2,1,1,1,1,1,0.5,1,1,1,0
98,Krabby,water,,325,30,105,25,90,25,50,"['Hyper Cutter', 'Shell Armor', 'Sheer Force']",1,1,1,2,1,1,0.5,1,1,2,1,0.5,1,1,1,1,0.5,0.5,0
99,Kingler,water,,475,55,130,50,115,50,75,"['Hyper Cutter', 'Shell Armor', 'Sheer Force']",1,1,1,2,1,1,0.5,1,1,2,1,0.5,1,1,1,1,0.5,0.5,0
100,Voltorb,electric,,330,40,30,55,50,55,100,"['Soundproof', 'Static', 'Aftermath']",1,1,1,0.5,1,1,1,0.5,1,1,2,1,1,1,1,1,0.5,1,0
101,Electrode,electric,,490,60,50,80,70,80,150,"['Soundproof', 'Static', 'Aftermath']",1,1,1,0.5,1,1,1,0.5,1,1,2,1,1,1,1,1,0.5,1,0
102,Exeggcute,grass,psychic,325,60,40,60,80,45,40,"['Chlorophyll', 'Harvest']",4,2,1,0.5,1,0.5,2,2,2,0.5,0.5,2,1,2,0.5,1,1,0.5,0
103,Exeggutor,grass,psychic,530,95,105,125,85,75,45,"['Chlorophyll', 'Harvest', 'Frisk', 'Harvest']",4,2,1,0.5,1,0.5,2,2,2,0.5,0.5,2,1,2,0.5,1,1,0.5,0
104,Cubone,ground,,320,50,50,40,95,50,35,"['Rock Head', 'Lightningrod', 'Battle Armor']",1,1,1,0,1,1,1,1,1,2,1,2,1,0.5,1,0.5,1,2,0
105,Marowak,ground,fire,425,60,80,50,110,80,45,"['Rock Head', 'Lightningrod', 'Battle Armor', 'Cursed Body', 'Lightningrod', 'Rock Head']",1,1,1,0,1,1,1,1,1,2,1,2,1,0.5,1,0.5,1,2,0
106,Hitmonlee,fighting,,455,50,120,35,53,110,87,"['Limber', 'Reckless', 'Unburden']",0.5,0.5,1,1,2,1,1,2,1,1,1,1,1,1,2,0.5,1,1,0
107,Hitmonchan,fighting,,455,50,105,35,79,110,76,"['Keen Eye', 'Iron Fist', 'Inner Focus']",0.5,0.5,1,1,2,1,1,2,1,1,1,1,1,1,2,0.5,1,1,0
108,Lickitung,normal,,385,90,55,60,75,75,30,"['Own Tempo', 'Oblivious', 'Cloud Nine']",1,1,1,1,1,2,1,1,0,1,1,1,1,1,1,1,1,1,0
109,Koffing,poison,,340,40,65,60,95,45,35,['Levitate'],0.5,1,1,1,0.5,0.5,1,1,1,0.5,2,1,1,0.5,2,1,1,1,0
110,Weezing,poison,,490,65,90,85,120,70,60,['Levitate'],0.5,1,1,1,0.5,0.5,1,1,1,0.5,2,1,1,0.5,2,1,1,1,0
111,Rhyhorn,ground,rock,345,80,85,30,95,30,25,"['Lightningrod', 'Rock Head', 'Reckless']",1,1,1,0,1,2,0.5,0.5,1,4,2,2,0.5,0.25,1,0.5,2,4,0
112,Rhydon,ground,rock,485,105,130,45,120,45,40,"['Lightningrod', 'Rock Head', 'Reckless']",1,1,1,0,1,2,0.5,0.5,1,4,2,2,0.5,0.25,1,0.5,2,4,0
113,Chansey,normal,,450,250,5,35,5,105,50,"['Natural Cure', 'Serene Grace', 'Healer']",1,1,1,1,1,2,1,1,0,1,1,1,1,1,1,1,1,1,0
114,Tangela,grass,,435,65,55,100,115,40,60,"['Chlorophyll', 'Leaf Guard', 'Regenerator']",2,1,1,0.5,1,1,2,2,1,0.5,0.5,2,1,2,1,1,1,0.5,0
115,Kangaskhan,normal,,590,105,125,60,100,100,100,"['Early Bird', 'Scrappy', 'Inner Focus']",1,1,1,1,1,2,1,1,0,1,1,1,1,1,1,1,1,1,0
116,Horsea,water,,295,30,40,70,70,25,60,"['Swift Swim', 'Sniper', 'Damp']",1,1,1,2,1,1,0.5,1,1,2,1,0.5,1,1,1,1,0.5,0.5,0
117,Seadra,water,,440,55,65,95,95,45,85,"['Poison Point', 'Sniper', 'Damp']",1,1,1,2,1,1,0.5,1,1,2,1,0.5,1,1,1,1,0.5,0.5,0
118,Goldeen,water,,320,45,67,35,60,50,63,"['Swift Swim', 'Water Veil', 'Lightningrod']",1,1,1,2,1,1,0.5,1,1,2,1,0.5,1,1,1,1,0.5,0.5,0
119,Seaking,water,,450,80,92,65,65,80,68,"['Swift Swim', 'Water Veil', 'Lightningrod']",1,1,1,2,1,1,0.5,1,1,2,1,0.5,1,1,1,1,0.5,0.5,0
120,Staryu,water,,340,30,45,70,55,55,85,"['Illuminate', 'Natural Cure', 'Analytic']",1,1,1,2,1,1,0.5,1,1,2,1,0.5,1,1,1,1,0.5,0.5,0
121,Starmie,water,psychic,520,60,75,100,85,85,115,"['Illuminate', 'Natural Cure', 'Analytic']",2,2,1,2,1,0.5,0.5,1,2,2,1,0.5,1,1,0.5,1,0.5,0.5,0
122,Mr. Mime,psychic,fairy,460,40,45,100,65,120,90,"['Soundproof', 'Filter', 'Technician']",1,1,0,1,1,0.25,1,1,2,1,1,1,1,2,0.5,1,2,1,0
123,Scyther,bug,flying,500,70,110,55,80,80,105,"['Swarm', 'Technician', 'Steadfast']",0.5,1,1,2,1,0.25,2,2,1,0.25,0,2,1,1,1,4,1,1,0
124,Jynx,ice,psychic,455,65,50,115,35,95,95,"['Oblivious', 'Forewarn', 'Dry Skin']",2,2,1,1,1,1,2,1,2,1,1,0.5,1,1,0.5,2,2,1,0
125,Electabuzz,electric,,490,65,83,95,57,85,105,"['Static', 'Vital Spirit']",1,1,1,0.5,1,1,1,0.5,1,1,2,1,1,1,1,1,0.5,1,0
126,Magmar,fire,,495,65,95,100,57,85,93,"['Flame Body', 'Vital Spirit']",0.5,1,1,1,0.5,1,0.5,1,1,0.5,2,0.5,1,1,1,2,0.5,2,0
127,Pinsir,bug,,600,65,155,65,120,90,105,"['Hyper Cutter', 'Mold Breaker', 'Moxie']",1,1,1,1,1,0.5,2,2,1,0.5,0.5,1,1,1,1,2,1,1,0
128,Tauros,normal,,490,75,100,40,95,70,110,"['Intimidate', 'Anger Point', 'Sheer Force']",1,1,1,1,1,2,1,1,0,1,1,1,1,1,1,1,1,1,0
129,Magikarp,water,,200,20,10,15,55,20,80,"['Swift Swim', 'Rattled']",1,1,1,2,1,1,0.5,1,1,2,1,0.5,1,1,1,1,0.5,0.5,0
130,Gyarados,water,flying,640,95,155,70,109,130,81,"['Intimidate', 'Moxie']",0.5,1,1,4,1,0.5,0.5,1,1,1,0,1,1,1,1,2,0.5,0.5,0
131,Lapras,water,ice,535,130,85,85,80,95,60,"['Water Absorb', 'Shell Armor', 'Hydration']",1,1,1,2,1,2,1,1,1,2,1,0.25,1,1,1,2,1,0.5,0
132,Ditto,normal,,288,48,48,48,48,48,48,"['Limber', 'Imposter']",1,1,1,1,1,2,1,1,0,1,1,1,1,1,1,1,1,1,0
133,Eevee,normal,,325,55,55,45,50,65,55,"['Run Away', 'Adaptability', 'Anticipation']",1,1,1,1,1,2,1,1,0,1,1,1,1,1,1,1,1,1,0
134,Vaporeon,water,,525,130,65,110,60,95,65,"['Water Absorb', 'Hydration']",1,1,1,2,1,1,0.5,1,1,2,1,0.5,1,1,1,1,0.5,0.5,0
135,Jolteon,electric,,525,65,65,110,60,95,130,"['Volt Absorb', 'Quick Feet']",1,1,1,0.5,1,1,1,0.5,1,1,2,1,1,1,1,1,0.5,1,0
136,Flareon,fire,,525,65,130,95,60,110,65,"['Flash Fire', 'Guts']",0.5,1,1,1,0.5,1,0.5,1,1,0.5,2,0.5,1,1,1,2,0.5,2,0
137,Porygon,normal,,395,65,60,85,70,75,40,"['Trace', 'Download', 'Analytic']",1,1,1,1,1,2,1,1,0,1,1,1,1,1,1,1,1,1,0
138,Omanyte,rock,water,355,35,40,90,100,55,35,"['Swift Swim', 'Shell Armor', 'Weak Armor']",1,1,1,2,1,2,0.25,0.5,1,4,2,0.5,0.5,0.5,1,1,1,1,0
139,Omastar,rock,water,495,70,60,115,125,70,55,"['Swift Swim', 'Shell Armor', 'Weak Armor']",1,1,1,2,1,2,0.25,0.5,1,4,2,0.5,0.5,0.5,1,1,1,1,0
140,Kabuto,rock,water,355,30,80,55,90,45,55,"['Swift Swim', 'Battle Armor', 'Weak Armor']",1,1,1,2,1,2,0.25,0.5,1,4,2,0.5,0.5,0.5,1,1,1,1,0
141,Kabutops,rock,water,495,60,115,65,105,70,80,"['Swift Swim', 'Battle Armor', 'Weak Armor']",1,1,1,2,1,2,0.25,0.5,1,4,2,0.5,0.5,0.5,1,1,1,1,0
142,Aerodactyl,rock,flying,615,80,135,70,85,95,150,"['Rock Head', 'Pressure', 'Unnerve']",0.5,1,1,2,1,1,0.5,0.5,1,1,0,2,0.5,0.5,1,2,2,2,0
143,Snorlax,normal,,540,160,110,65,65,110,30,"['Immunity', 'Thick Fat', 'Gluttony']",1,1,1,1,1,2,1,1,0,1,1,1,1,1,1,1,1,1,0
144,Articuno,ice,flying,580,90,85,95,100,125,85,"['Pressure', 'Snow Cloak']",0.5,1,1,2,1,1,2,1,1,0.5,0,1,1,1,1,4,2,1,1
145,Zapdos,electric,flying,580,90,90,125,85,90,100,"['Pressure', 'Static']",0.5,1,1,1,1,0.5,1,0.5,1,0.5,0,2,1,1,1,2,0.5,1,1
146,Moltres,fire,flying,580,90,100,125,90,85,90,"['Pressure', 'Flame Body']",0.25,1,1,2,0.5,0.5,0.5,1,1,0.25,0,1,1,1,1,4,0.5,2,1
147,Dratini,dragon,,300,41,64,50,45,50,50,"['Shed Skin', 'Marvel Scale']",1,1,2,0.5,2,1,0.5,1,1,0.5,1,2,1,1,1,1,1,0.5,0
148,Dragonair,dragon,,420,61,84,70,65,70,70,"['Shed Skin', 'Marvel Scale']",1,1,2,0.5,2,1,0.5,1,1,0.5,1,2,1,1,1,1,1,0.5,0
149,Dragonite,dragon,flying,600,91,134,100,95,100,80,"['Inner Focus', 'Multiscale']",0.5,1,2,1,2,0.5,0.5,1,1,0.25,0,4,1,1,1,2,1,0.5,0
150,Mewtwo,psychic,,780,106,150,194,70,120,140,"['Pressure', 'Unnerve']",2,2,1,1,1,0.5,1,1,2,1,1,1,1,1,0.5,1,1,1,1
151,Mew,psychic,,600,100,100,100,100,100,100,['Synchronize'],2,2,1,1,1,0.5,1,1,2,1,1,1,1,1,0.5,1,1,1,1